eval_after_episode,n_episodes,discovery_rate_mean,mean_delay_censored_mean,lambda2_mean,idle_actions_mean
20,3,0.6518518518518519,137.83703703703702,2.8522916682004866,129.66666666666666
40,6,0.5703703703703704,152.04444444444445,2.1335062858077913,217.83333333333334
