eval_after_episode,n_episodes,discovery_rate_mean,mean_delay_censored_mean,lambda2_mean,idle_actions_mean
20,3,0.5037037037037037,156.91111111111113,2.0462884535425725,512.6666666666666
40,3,0.36296296296296293,166.47407407407408,1.0343610553841829,746.3333333333334
60,3,0.3925925925925926,160.8074074074074,0.7195501440391693,564.3333333333334
80,6,0.42962962962962964,156.27777777777777,1.1694041200135386,694.8333333333334
