beam_count,eval_episode,node_count,phase,process_cpu_percent,rss_mb,seed,slot,slots_per_episode,system_available_mb,system_memory_percent
105,0,10,eval_stochastic,0.0,226.2421875,2026084001,200,200,21788.3828125,32.7
105,1,10,eval_stochastic,0.0,227.4921875,2026084002,200,200,21829.5859375,32.6
105,2,10,eval_stochastic,0.0,227.7421875,2026084003,200,200,21857.15234375,32.5
105,3,10,eval_stochastic,0.0,227.796875,2026084004,200,200,21824.109375,32.6
105,4,10,eval_stochastic,0.0,227.83984375,2026084005,200,200,21824.16015625,32.6
