eval_after_episode,n_episodes,discovery_rate_mean,discovery_rate_std,mean_delay_censored_mean,lambda2_mean,empty_scan_ratio_mean,tx_actions_mean,rx_actions_mean,idle_actions_mean
20,3,0.5333333333333333,0.0,149.15555555555554,1.61515702091502,0.36212290776170547,883.0,638.3333333333334,478.6666666666667
40,3,0.5333333333333333,0.04444444444444441,146.8962962962963,2.473340592005441,0.30544467551881577,1086.6666666666667,498.3333333333333,415.0
60,3,0.5703703703703703,0.0714344500814293,148.62962962962962,2.0366057385830594,0.3888561124058431,850.3333333333334,819.6666666666666,330.0
80,3,0.4666666666666666,0.09686442096757054,157.57777777777778,1.2052371323843634,0.31967116435456017,944.0,657.0,399.0
100,6,0.5370370370370371,0.07622794493148405,151.45925925925926,1.780445374855583,0.34420980224020387,920.3333333333334,807.5,272.1666666666667
