metric,episodes,mean,std,ci95,min,max
discovery_rate,10,0.2994747474747475,0.013942223886843142,0.008641479893564284,0.27656565656565657,0.3208080808080808
collision_penalized_discovery_rate,10,0.23229043905031665,0.009247905057056771,0.005731910938796606,0.22115533529502865,0.24816377558993594
empty_scan_ratio,10,0.06612903446885869,0.002243816619127377,0.001390731948963485,0.06257717457829126,0.07013402375875723
lambda2,10,12.061005275762982,1.4556086811302626,0.9021956075999359,8.720303367463464,14.131264700456557
collision_count,10,1432.1,176.46431808032906,109.37371749292524,1112.0,1779.0
