metric,original_mean,rerun_mean,rerun_std,rerun_ci95,absolute_diff,relative_diff,tolerance,status
discovery_rate,0.3019797979797979,0.2994747474747475,0.013942223886843142,0.008641479893564284,-0.002505050505050399,0.008295424137007946,0.05,MATCH
collision_penalized_discovery_rate,0.2353115394963504,0.23229043905031665,0.009247905057056771,0.005731910938796606,-0.0030211004460337365,0.012838726279637436,0.05,MATCH
empty_scan_ratio,0.0658655888954017,0.06612903446885869,0.002243816619127377,0.001390731948963485,0.00026344557345699127,0.003983810977628175,0.05,MATCH
lambda2,11.904327907733608,12.061005275762982,1.4556086811302626,0.9021956075999359,0.15667736802937426,0.012990407055390564,0.05,MATCH
collision_count,1403.3,1432.1,176.46431808032906,109.37371749292524,28.799999999999955,0.02011032749109696,0.05,MATCH
