method,seed,train_last100_discovery_rate,eval_discovery_rate,generalization_gap_train_minus_eval,aux_loss_last100,actor_grad_norm_last100,entropy_last100
mappo_direct_isac,59260713,0.847111111111111,0.9306666666666668,-0.08355555555555572,0.0,0.15811375928670168,3.1025588688850405
mappo_direct_isac,59261722,0.9051111111111112,0.9022222222222223,0.002888888888888941,0.0,0.1312694321796298,2.990630905628204
mappo_direct_isac,59262731,0.872888888888889,0.9084444444444445,-0.03555555555555545,0.0,0.21946077723801136,3.0302621302604678
mappo_direct_isac_measurement_aux,59260713,0.9382222222222222,0.9364444444444443,0.001777777777777878,0.001314398679474834,0.17210497811436654,2.8434877443313593
mappo_direct_isac_measurement_aux,59261722,0.9095555555555555,0.924888888888889,-0.015333333333333532,0.0007235825608076993,0.11852552574127913,2.990912774562835
mappo_direct_isac_measurement_aux,59262731,0.9075555555555556,0.8408888888888888,0.06666666666666676,0.0003827951551065781,0.1643140613883734,2.995598521232605
mappo_no_isac,59260713,0.3786666666666666,0.3871111111111111,-0.008444444444444477,0.0,0.035525042943656444,3.3901367425918583
mappo_no_isac,59261722,0.332,0.3431111111111111,-0.011111111111111072,0.0,0.014859984793700279,3.4958757452964777
mappo_no_isac,59262731,0.3855555555555555,0.3475555555555555,0.03799999999999998,0.0,0.055622481606900705,3.29862076330185
