collision_count_mean,collision_count_std,collision_penalized_discovery_rate_mean,collision_penalized_discovery_rate_std,discovery_rate_mean,discovery_rate_std,empty_scan_ratio_mean,empty_scan_ratio_std,episodes,lambda2_mean,lambda2_std,method,protocol,scan_actions_per_discovery_censored_mean,scan_actions_per_discovery_censored_std
1300.8,172.75809677117886,0.5562890548022934,0.008562751106410943,0.7022222222222222,0.011605880386465515,0.45439687796700207,0.006875742865005653,5,38.03041137954792,5.345179344692758,budgeted_collision_aware_isac,budgeted_collision_aware_isac,83.6838517759509,1.3903632039857976
9247.0,1142.75159155435,0.2608411473720881,0.018829854988810305,0.7437979797979798,0.00905393153030738,0.39829849368038245,0.006561176038060433,5,49.613195256303285,5.356024995872467,improved_rl_isac_tables,improved_rl_isac_tables,78.27864997747307,0.9359606385146232
9516.4,1305.4440776992326,0.2568916058831224,0.023354131540858962,0.7446464646464647,0.004870321197674071,0.3967872634183034,0.007487985118181466,5,49.53495063486262,4.534233887937219,trust_gated_isac_tables,trust_gated_isac_tables,78.15555375085755,0.4976061240549991
0.0,0.0,0.0024646464646464646,0.00041204198089638667,0.0024646464646464646,0.00041204198089638667,0.9007703438669133,0.0016327625681361643,5,-3.612578029842658e-16,3.2000777720144583e-16,uniform_random,uniform_random,21488.43857142857,3560.8434470628868
1886.0,308.67134625682377,0.4739395210281268,0.018011589720079994,0.6534141414141414,0.007229501170535778,0.858776,0.0023289801296800267,5,34.02452175512944,3.8125720943144157,wang2025_isac_tables,wang2025_isac_tables,92.76434446724352,1.03387889238908
